{"name": "CentreOutFF", "B": -1, "K": 1, "T_destination": "~T_destination", "action_frame_stacking": 0, "action_noise": [0.0, 0.0, 0.0, 0.0, 0.0, 0.0], "call_super_init": false, "catch_trial": [0.0, 1.0, 1.0, 0.0, 1.0, 0.0, 1.0, 0.0, 1.0, 1.0, 1.0, 1.0, 0.0, 0.0, 1.0, 1.0, 0.0, 1.0, 1.0, 1.0, 1.0, 0.0, 0.0, 0.0, 1.0, 0.0, 0.0, 0.0, 1.0, 0.0, 0.0, 0.0], "catch_trial_perc": 50, "delay_range": [0, 0], "device": "cpu", "differentiable": true, "dt": 0.01, "dump_patches": false, "elapsed": 1.500000000000001, "endpoint_load": [[-0.0, -0.0], [-0.0, -0.0], [0.0, -0.0], [-0.0, -0.0], [-0.0, 0.0], [0.0, -0.0], [-0.0, -0.0], [-0.0, -0.0], [-0.0, -0.0], [-0.0, -0.0], [-0.0, -0.0], [-0.0, -0.0], [-0.0, -0.0], [-0.0, 0.0], [-0.0, 0.0], [0.0, 0.0], [0.0, 0.0], [0.0, -0.0], [0.0, -0.0], [-0.0, 0.0], [0.0, -0.0], [-0.0, -0.0], [-0.0, -0.0], [-0.0, 0.0], [0.0, -0.0], [-0.0, -0.0], [-0.0, 0.0], [-0.0, -0.0], [0.0, 0.0], [-0.0, 0.0], [0.0, -0.0], [0.0, 0.0]], "ff_coefficient": 0.0, "go_cue": [[1.0], [1.0], [1.0], [1.0], [1.0], [1.0], [1.0], [1.0], [1.0], [1.0], [1.0], [1.0], [1.0], [1.0], [1.0], [1.0], [1.0], [1.0], [1.0], [1.0], [1.0], [1.0], [1.0], [1.0], [1.0], [1.0], [1.0], [1.0], [1.0], [1.0], [1.0], [1.0]], "go_cue_range": [0.1, 0.6], "go_cue_time": [0.5491619167767399, 1.5, 1.5, 0.2174969471500424, 1.5, 0.12304371969856362, 1.5, 0.46899412354201053, 1.5, 1.5, 1.5, 1.5, 0.19919702772883077, 0.3521117866386885, 1.5, 1.5, 0.549214500878786, 1.5, 1.5, 1.5, 1.5, 0.42972569217562395, 0.3046557590292469, 0.30383091934172735, 1.5, 0.5638626612676523, 0.2599959940392065, 0.13937362277747165, 1.5, 0.5614310034315741, 0.4897214320482355, 0.430027988977853], "init": [[-0.20510777831077576, 0.3861578106880188], [-0.3528253734111786, 0.48118191957473755], [-0.2055107057094574, 0.019956588745117188], [-0.16018103063106537, 0.6009389162063599], [0.15892693400382996, 0.30751556158065796], [-0.16498202085494995, 0.127292662858963], [-0.39922571182250977, 0.2462838888168335], [-0.1652340292930603, 0.6185787916183472], [-0.4493825435638428, 0.32406115531921387], [-0.13123473525047302, 0.2575260102748871], [-0.2487395703792572, 0.207242950797081], [-0.25327345728874207, 0.5475313663482666], [-0.4497258961200714, 0.3398669362068176], [0.29711562395095825, 0.4896734952926636], [0.03428930044174194, 0.2180546671152115], [0.5118476152420044, 0.3874206840991974], [0.5666943788528442, 0.2403184473514557], [-0.15077999234199524, 0.07969354093074799], [-0.061183422803878784, 0.17014282941818237], [-0.05277492105960846, 0.4572526216506958], [-0.20600831508636475, -0.00021561980247497559], [-0.2421116828918457, 0.5915820598602295], [-0.5032972097396851, 0.07815037667751312], [-0.04132730886340141, 0.6307333707809448], [-0.5006305575370789, 0.2682494521141052], [-0.46000534296035767, 0.1338786482810974], [0.18326407670974731, 0.38302484154701233], [-0.4888739287853241, 0.22606240212917328], [0.004857063293457031, 0.1629628837108612], [0.39013347029685974, 0.43856334686279297], [-0.23414956033229828, -0.09693077206611633], [-0.0012931525707244873, 0.16052460670471191]], "is_channel": false, "max_ep_duration": 1.5, "metadata": {"render_modes": []}, "n_muscles": 6, "nq_init": null, "obs_noise": [0.0, 0.0, 0.0, 0.0, 0.0, 0.0, 0.0, 0.0, 0.0, 0.0, 0.0, 0.0, 0.0, 0.0, 0.0, 0.0, 0.0], "proprioception_delay": 1, "proprioception_noise": [0.0], "q_init": null, "render_mode": null, "reward_range": [-Infinity, Infinity], "seed": null, "space_dim": 2, "spec": null, "training": true, "vision_delay": 1, "vision_noise": [0.0], "effector": {"muscle": {"name": "RigidTendonHillMuscle", "state names": ["activation", "muscle length", "muscle velocity", "force-length PE", "force-length CE", "force-velocity CE", "force"]}, "skeleton": {"dof": 2, "dt": "0.01", "space_dim": 2, "I1": 0.051, "I2": 0.057, "L1": 0.309, "L2": 0.333, "L1g": 0.135, "L2g": 0.165, "c_viscosity": 0.0, "coriolis_1": -0.07290855, "coriolis_2": 0.07290855, "m1": 1.82, "m2": 1.43}, "dt": 0.01, "n_ministeps": 1, "minidt": 0.01, "half_minidt": 0.005, "muscle_names": ["pectoralis", "deltoid", "brachioradialis", "tricepslat", "biceps", "tricepslong"], "n_muscles": 6, "muscle_wrapping_cfg": {"pectoralis": {"n_fixation_points": 0, "fixation body": [], "coordinates": []}, "deltoid": {"n_fixation_points": 0, "fixation body": [], "coordinates": []}, "brachioradialis": {"n_fixation_points": 0, "fixation body": [], "coordinates": []}, "tricepslat": {"n_fixation_points": 0, "fixation body": [], "coordinates": []}, "biceps": {"n_fixation_points": 0, "fixation body": [], "coordinates": []}, "tricepslong": {"n_fixation_points": 0, "fixation body": [], "coordinates": []}}}}