{"losses": {"overall": [273.4498291015625, 213.3930206298828, 217.90478515625, 209.79183959960938, 181.3433837890625, 251.15643310546875, 228.82254028320312, 189.91539001464844, 301.31488037109375, 201.70278930664062, 229.92654418945312, 219.61492919921875, 228.23760986328125, 191.85537719726562, 209.0185546875], "position": [244.82398986816406, 206.836669921875, 212.53823852539062, 204.7659454345703, 176.32427978515625, 244.33998107910156, 223.82484436035156, 178.5797882080078, 294.7007141113281, 198.13499450683594, 226.3380889892578, 216.4081268310547, 224.9260711669922, 188.70535278320312, 205.69007873535156], "muscle": [3.495410919189453, 3.5076053142547607, 3.5756356716156006, 3.471503496170044, 3.4955203533172607, 3.4585442543029785, 3.4620304107666016, 3.3365249633789062, 3.20451283454895, 3.2562243938446045, 3.179692029953003, 3.206080198287964, 3.1148464679718018, 3.104644536972046, 3.0220730304718018], "muscle_derivative": [1.2375975529721472e-05, 4.57366104456014e-06, 4.707491825683974e-06, 4.240253929310711e-06, 4.708729193225736e-06, 5.033023626310751e-06, 5.023982339480426e-06, 5.776263151346939e-06, 5.505819899553899e-06, 4.595636710291728e-06, 4.221873496135231e-06, 4.491817890084349e-06, 4.454624104255345e-06, 4.553079179459019e-06, 4.511449333222117e-06], "hidden": [3.060122617171146e-05, 3.205343818990514e-05, 3.16772420774214e-05, 3.271004243288189e-05, 3.4019863960566e-05, 3.56917007593438e-05, 3.486968853394501e-05, 3.538348391884938e-05, 3.586267484934069e-05, 3.418478081584908e-05, 3.3686752431094646e-05, 3.317822120152414e-05, 3.20723484037444e-05, 3.329870742163621e-05, 3.2949774322332814e-05], "hidden_derivative": [8.033075573621318e-06, 8.252531188190915e-06, 8.075892765191384e-06, 8.113921467156615e-06, 8.258789421233814e-06, 8.512844942742959e-06, 8.333840014529414e-06, 8.436833923042286e-06, 8.60180807649158e-06, 8.302834430651274e-06, 8.242318472184706e-06, 8.197006536647677e-06, 7.994391125976108e-06, 8.226123100030236e-06, 8.198147952498402e-06], "jerk": [25.1303768157959, 3.0487112998962402, 1.7908650636672974, 1.5543581247329712, 1.5235501527786255, 3.357866048812866, 1.5356196165084839, 7.999019622802734, 3.409640312194824, 0.3115181028842926, 0.4087267816066742, 0.0006781751872040331, 0.19664517045021057, 0.045340582728385925, 0.30635079741477966]}}