{"name": "CentreOutFF", "B": -1, "K": 1, "T_destination": "~T_destination", "action_frame_stacking": 0, "action_noise": [0.0, 0.0, 0.0, 0.0, 0.0, 0.0], "call_super_init": false, "catch_trial": [0.0, 0.0, 0.0, 1.0, 0.0, 0.0, 1.0, 0.0, 0.0, 0.0, 1.0, 0.0, 0.0, 0.0, 1.0, 1.0, 1.0, 0.0, 1.0, 1.0, 0.0, 1.0, 1.0, 1.0, 1.0, 1.0, 0.0, 0.0, 0.0, 1.0, 1.0, 1.0], "catch_trial_perc": 50, "delay_range": [0, 0], "device": "cpu", "differentiable": true, "dt": 0.01, "dump_patches": false, "elapsed": 1.500000000000001, "endpoint_load": [[-0.0, -0.0], [0.0, 0.0], [-0.0, 0.0], [-0.0, 0.0], [-0.0, -0.0], [-0.0, 0.0], [-0.0, -0.0], [-0.0, -0.0], [-0.0, -0.0], [-0.0, -0.0], [-0.0, 0.0], [0.0, 0.0], [-0.0, -0.0], [-0.0, 0.0], [0.0, -0.0], [-0.0, -0.0], [-0.0, 0.0], [0.0, 0.0], [0.0, 0.0], [-0.0, -0.0], [0.0, -0.0], [-0.0, -0.0], [-0.0, -0.0], [-0.0, -0.0], [0.0, -0.0], [-0.0, -0.0], [-0.0, 0.0], [-0.0, -0.0], [-0.0, -0.0], [0.0, 0.0], [0.0, 0.0], [0.0, -0.0]], "ff_coefficient": 0.0, "go_cue": [[1.0], [1.0], [1.0], [1.0], [1.0], [1.0], [1.0], [1.0], [1.0], [1.0], [1.0], [1.0], [1.0], [1.0], [1.0], [1.0], [1.0], [1.0], [1.0], [1.0], [1.0], [1.0], [1.0], [1.0], [1.0], [1.0], [1.0], [1.0], [1.0], [1.0], [1.0], [1.0]], "go_cue_range": [0.1, 0.6], "go_cue_time": [0.39192659183197376, 0.31043793878109993, 0.44540716874898345, 1.5, 0.5338202601216088, 0.3745892278956374, 1.5, 0.29484277149650695, 0.2349893614531944, 0.5635656868212772, 1.5, 0.1400149456894553, 0.5366209538246858, 0.5986208973537924, 1.5, 1.5, 1.5, 0.451245142596016, 1.5, 1.5, 0.1914032224499719, 1.5, 1.5, 1.5, 1.5, 1.5, 0.21132504428443946, 0.5585930271585321, 0.43763478333222405, 1.5, 1.5, 1.5], "init": [[0.6062526702880859, 0.21104586124420166], [-0.4323838949203491, 0.34854578971862793], [-0.22337347269058228, 0.14461466670036316], [0.25738421082496643, 0.3799550235271454], [0.2990807592868805, 0.5563035607337952], [-0.16168713569641113, 0.17860467731952667], [0.5076413750648499, 0.37993255257606506], [-0.16602535545825958, 0.5690481662750244], [0.25281310081481934, 0.35089612007141113], [0.054254934191703796, 0.5390030741691589], [-0.3707251250743866, 0.38953733444213867], [-0.18665823340415955, 0.4880586862564087], [-0.20468920469284058, 0.224577397108078], [-0.17514900863170624, 0.6011502742767334], [0.2770135998725891, 0.5358206033706665], [0.46912282705307007, 0.404762864112854], [0.08071307837963104, 0.48192957043647766], [-0.19149383902549744, 0.5017101168632507], [0.5434128046035767, 0.3415016233921051], [-0.41987815499305725, 0.48099154233932495], [0.005310028791427612, 0.5707658529281616], [-0.09268999099731445, 0.25819915533065796], [-0.2532746195793152, 0.16163241863250732], [0.5019282102584839, 0.39604243636131287], [0.05060300603508949, 0.6382565498352051], [-0.1049443930387497, 0.16160565614700317], [-0.33796095848083496, -0.0760037899017334], [-0.16739408671855927, 0.6031208634376526], [-0.2767559885978699, 0.5319486856460571], [0.009798556566238403, 0.23108674585819244], [-0.5261614322662354, 0.1929972618818283], [-0.11323399096727371, 0.6256062984466553]], "is_channel": false, "max_ep_duration": 1.5, "metadata": {"render_modes": []}, "n_muscles": 6, "nq_init": null, "obs_noise": [0.0, 0.0, 0.0, 0.0, 0.0, 0.0, 0.0, 0.0, 0.0, 0.0, 0.0, 0.0, 0.0, 0.0, 0.0, 0.0, 0.0], "proprioception_delay": 1, "proprioception_noise": [0.0], "q_init": null, "render_mode": null, "reward_range": [-Infinity, Infinity], "seed": null, "space_dim": 2, "spec": null, "training": true, "vision_delay": 1, "vision_noise": [0.0], "effector": {"muscle": {"name": "RigidTendonHillMuscle", "state names": ["activation", "muscle length", "muscle velocity", "force-length PE", "force-length CE", "force-velocity CE", "force"]}, "skeleton": {"dof": 2, "dt": "0.01", "space_dim": 2, "I1": 0.051, "I2": 0.057, "L1": 0.309, "L2": 0.333, "L1g": 0.135, "L2g": 0.165, "c_viscosity": 0.0, "coriolis_1": -0.07290855, "coriolis_2": 0.07290855, "m1": 1.82, "m2": 1.43}, "dt": 0.01, "n_ministeps": 1, "minidt": 0.01, "half_minidt": 0.005, "muscle_names": ["pectoralis", "deltoid", "brachioradialis", "tricepslat", "biceps", "tricepslong"], "n_muscles": 6, "muscle_wrapping_cfg": {"pectoralis": {"n_fixation_points": 0, "fixation body": [], "coordinates": []}, "deltoid": {"n_fixation_points": 0, "fixation body": [], "coordinates": []}, "brachioradialis": {"n_fixation_points": 0, "fixation body": [], "coordinates": []}, "tricepslat": {"n_fixation_points": 0, "fixation body": [], "coordinates": []}, "biceps": {"n_fixation_points": 0, "fixation body": [], "coordinates": []}, "tricepslong": {"n_fixation_points": 0, "fixation body": [], "coordinates": []}}}}